{"stats":{"minecraft:crafted":{"minecraft:air":0},"minecraft:used":{"minecraft:redstone_torch":5,"minecraft:lever":10,"minecraft:glass":4,"minecraft:light_gray_wool":16,"minecraft:debug_stick":23,"minecraft:black_concrete":1,"minecraft:repeater":8,"minecraft:redstone_lamp":8,"minecraft:written_book":1,"minecraft:wind_charge":15,"minecraft:grass_block":2,"minecraft:smithing_table":1,"minecraft:redstone":141,"minecraft:orange_wool":125,"minecraft:spruce_fence":1},"minecraft:custom":{"minecraft:time_since_rest":95009,"minecraft:open_chest":1,"minecraft:interact_with_smithing_table":2,"minecraft:crouch_one_cm":16780,"minecraft:play_time":111492,"minecraft:sprint_one_cm":68714,"minecraft:deaths":1,"minecraft:damage_taken":980,"minecraft:walk_one_cm":89509,"minecraft:sneak_time":8792,"minecraft:drop":2,"minecraft:jump":1103,"minecraft:leave_game":2,"minecraft:time_since_death":94976,"minecraft:walk_on_water_one_cm":61,"minecraft:total_world_time":111492,"minecraft:fall_one_cm":10017,"minecraft:fly_one_cm":1480805},"minecraft:dropped":{"minecraft:resin_brick":61,"minecraft:host_armor_trim_smithing_template":60},"minecraft:picked_up":{"minecraft:lever":1,"minecraft:redstone_torch":7,"minecraft:redstone":67,"minecraft:resin_brick":61,"minecraft:host_armor_trim_smithing_template":60}},"DataVersion":4189}