{"stats":{"minecraft:used":{"minecraft:redstone_torch":68,"minecraft:glass":12,"minecraft:white_wool":1,"minecraft:potion":19,"minecraft:written_book":3,"minecraft:snow_block":2,"minecraft:lectern":1,"minecraft:spruce_planks":1},"minecraft:custom":{"minecraft:time_since_rest":3370667,"minecraft:open_chest":5,"minecraft:sprint_one_cm":121,"minecraft:play_time":3370667,"minecraft:walk_one_cm":325986,"minecraft:sneak_time":205,"minecraft:pot_flower":1,"minecraft:drop":21,"minecraft:jump":831,"minecraft:leave_game":3,"minecraft:time_since_death":3370667,"minecraft:total_world_time":3370667,"minecraft:fly_one_cm":2923244},"minecraft:dropped":{"minecraft:torchflower":1,"minecraft:redstone_torch":8,"minecraft:cherry_sign":1,"minecraft:glass":1,"minecraft:spruce_planks":1,"minecraft:white_stained_glass":1,"minecraft:white_wool":1,"minecraft:lectern":1,"minecraft:redstone":4,"minecraft:snow_block":1,"minecraft:potion":4},"minecraft:picked_up":{"minecraft:glass":1,"minecraft:spruce_planks":1,"minecraft:potion":3,"minecraft:snow_block":1,"minecraft:cherry_sign":1,"minecraft:redstone_torch":5,"minecraft:written_book":1,"minecraft:redstone":5,"minecraft:white_wool":1}},"DataVersion":4189}