{"stats":{"minecraft:used":{"minecraft:redstone_torch":464,"minecraft:sticky_piston":56,"minecraft:lever":94,"minecraft:sea_lantern":15,"minecraft:black_concrete":12,"minecraft:birch_slab":1,"minecraft:prismarine_brick_slab":2,"minecraft:quartz_slab":81,"minecraft:red_wool":1,"minecraft:red_stained_glass":2,"minecraft:redstone":2896,"minecraft:netherite_chestplate":2,"minecraft:lime_wool":3510,"minecraft:elytra":1,"minecraft:green_wool":1,"minecraft:quartz_block":78,"minecraft:redstone_block":41,"minecraft:pink_wool":321,"minecraft:quartz_stairs":3,"minecraft:yellow_wool":8,"minecraft:light_gray_wool":342,"minecraft:netherite_boots":1,"minecraft:orange_stained_glass":12,"minecraft:pale_oak_sign":6,"minecraft:repeater":355,"minecraft:redstone_lamp":479,"minecraft:target":1,"minecraft:comparator":71,"minecraft:netherite_leggings":1,"minecraft:light_blue_wool":269,"minecraft:cobblestone_wall":4,"minecraft:orange_wool":695,"minecraft:netherite_helmet":1,"minecraft:observer":37},"minecraft:custom":{"minecraft:time_since_rest":3215912,"minecraft:sprint_one_cm":4653,"minecraft:walk_one_cm":30053,"minecraft:drop":14,"minecraft:fly_one_cm":7364589,"minecraft:open_chest":1,"minecraft:crouch_one_cm":2449,"minecraft:play_time":3215912,"minecraft:sneak_time":127920,"minecraft:interact_with_lectern":1,"minecraft:aviate_one_cm":78584,"minecraft:jump":216,"minecraft:leave_game":9,"minecraft:time_since_death":3215912,"minecraft:total_world_time":3215912},"minecraft:dropped":{"minecraft:redstone_lamp":2,"minecraft:lever":1,"minecraft:cobblestone_wall":1,"minecraft:repeater":4,"minecraft:light_blue_wool":1,"minecraft:quartz_stairs":1,"minecraft:lime_wool":1,"minecraft:netherite_chestplate":2,"minecraft:netherite_boots":1,"minecraft:netherite_helmet":1,"minecraft:birch_slab":1,"minecraft:netherite_leggings":1,"minecraft:quartz_slab":1},"minecraft:picked_up":{"minecraft:repeater":15,"minecraft:redstone":259,"minecraft:quartz_slab":1,"minecraft:lever":2,"minecraft:comparator":1,"minecraft:redstone_torch":25,"minecraft:netherite_chestplate":1}},"DataVersion":4189}