{"stats":{"minecraft:used":{"minecraft:redstone_torch":341,"minecraft:glass":18,"minecraft:pale_oak_sign":18,"minecraft:light_gray_wool":72,"minecraft:lever":63,"minecraft:black_concrete":1,"minecraft:sea_lantern":905,"minecraft:repeater":311,"minecraft:redstone_lamp":2,"minecraft:firework_rocket":23,"minecraft:light_gray_stained_glass":114,"minecraft:potion":3,"minecraft:written_book":11,"minecraft:iron_block":1,"minecraft:redstone":563,"minecraft:lime_wool":173,"minecraft:elytra":1,"minecraft:oak_sign":4,"minecraft:stone":1,"minecraft:gray_concrete":1,"minecraft:redstone_block":76,"minecraft:spruce_sign":32,"minecraft:white_dye":32,"minecraft:pink_wool":163,"minecraft:milk_bucket":2},"minecraft:custom":{"minecraft:time_since_rest":3509777,"minecraft:open_chest":1,"minecraft:crouch_one_cm":3897,"minecraft:play_time":3509777,"minecraft:sprint_one_cm":5940,"minecraft:walk_one_cm":31680,"minecraft:sneak_time":152609,"minecraft:drop":8,"minecraft:aviate_one_cm":145196,"minecraft:jump":359,"minecraft:leave_game":16,"minecraft:time_since_death":3509777,"minecraft:total_world_time":3509777,"minecraft:fly_one_cm":7216187},"minecraft:dropped":{"minecraft:redstone_torch":1,"minecraft:torch":1,"minecraft:repeater":1,"minecraft:netherite_sword":1,"minecraft:redstone":4},"minecraft:picked_up":{"minecraft:repeater":12,"minecraft:lever":1,"minecraft:redstone_torch":5,"minecraft:redstone":28}},"DataVersion":4189}