{"stats":{"minecraft:dropped":{"minecraft:lever":1},"minecraft:picked_up":{"minecraft:redstone_torch":1},"minecraft:used":{"minecraft:redstone":4,"minecraft:stone_button":1,"minecraft:spruce_planks":1,"minecraft:dark_oak_planks":1,"minecraft:glass":27,"minecraft:lever":28,"minecraft:redstone_lamp":1,"minecraft:redstone_block":2,"minecraft:nether_bricks":4,"minecraft:redstone_torch":48},"minecraft:custom":{"minecraft:jump":36,"minecraft:time_since_rest":3269212,"minecraft:crouch_one_cm":765,"minecraft:sprint_one_cm":248,"minecraft:play_time":3269212,"minecraft:time_since_death":3269212,"minecraft:walk_one_cm":2228,"minecraft:sneak_time":288677,"minecraft:total_world_time":4339268,"minecraft:drop":1,"minecraft:fly_one_cm":1660686,"minecraft:leave_game":1}},"DataVersion":4189}