{"stats":{"minecraft:used":{"minecraft:redstone_torch":66,"minecraft:oak_trapdoor":10,"minecraft:glass":4,"minecraft:dark_oak_planks":1,"minecraft:flower_pot":2,"minecraft:mangrove_door":1,"minecraft:quartz_slab":1,"minecraft:smooth_quartz_slab":34,"minecraft:lantern":15,"minecraft:cherry_slab":6,"minecraft:redstone":3,"minecraft:quartz_block":8,"minecraft:cherry_trapdoor":7,"minecraft:smooth_quartz":39,"minecraft:cherry_sign":4,"minecraft:quartz_stairs":43,"minecraft:item_frame":7,"minecraft:smooth_quartz_stairs":37,"minecraft:soul_campfire":3,"minecraft:stripped_mangrove_log":1,"minecraft:stripped_mangrove_wood":1,"minecraft:glowstone":4,"minecraft:mangrove_trapdoor":14,"minecraft:white_carpet":17,"minecraft:written_book":6,"minecraft:oak_slab":6,"minecraft:mangrove_slab":8,"minecraft:white_stained_glass_pane":32,"minecraft:white_stained_glass":1,"minecraft:white_concrete":5,"minecraft:mangrove_sign":4,"minecraft:cake":3},"minecraft:custom":{"minecraft:time_since_rest":2784986,"minecraft:sprint_one_cm":1825,"minecraft:walk_one_cm":76154,"minecraft:fly_one_cm":1569424,"minecraft:open_chest":2,"minecraft:play_time":2784986,"minecraft:sneak_time":1739,"minecraft:pot_flower":3,"minecraft:interact_with_lectern":1,"minecraft:jump":551,"minecraft:eat_cake_slice":14,"minecraft:leave_game":2,"minecraft:time_since_death":2784986,"minecraft:total_world_time":2784986},"minecraft:picked_up":{"minecraft:redstone":1,"minecraft:lantern":4,"minecraft:item_frame":2,"minecraft:cherry_sign":3}},"DataVersion":4189}