{"minecraft:recipes/decorations/crafting_table":{"criteria":{"unlock_right_away":"2025-08-02 03:56:56 +0800"},"done":true},"minecraft:adventure/adventuring_time":{"criteria":{"minecraft:plains":"2025-08-02 03:56:57 +0800"},"done":false},"minecraft:recipes/building_blocks/red_stained_glass":{"criteria":{"has_glass":"2025-08-02 04:43:34 +0800"},"done":true},"minecraft:adventure/trim_with_all_exclusive_armor_patterns":{"criteria":{"armor_trimmed_minecraft:silence_armor_trim_smithing_template_smithing_trim":"2025-08-02 04:30:29 +0800"},"done":false},"minecraft:recipes/misc/host_armor_trim_smithing_template":{"criteria":{"has_host_armor_trim_smithing_template":"2025-08-02 04:29:51 +0800"},"done":true},"minecraft:recipes/decorations/orange_bed":{"criteria":{"has_orange_wool":"2025-08-02 04:43:37 +0800"},"done":true},"minecraft:recipes/building_blocks/light_blue_stained_glass":{"criteria":{"has_glass":"2025-08-02 04:43:34 +0800"},"done":true},"minecraft:recipes/brewing/glass_bottle":{"criteria":{"has_glass":"2025-08-02 04:43:34 +0800"},"done":true},"minecraft:recipes/decorations/light_gray_bed":{"criteria":{"has_light_gray_wool":"2025-08-02 04:37:01 +0800"},"done":true},"minecraft:recipes/building_blocks/green_stained_glass":{"criteria":{"has_glass":"2025-08-02 04:43:34 +0800"},"done":true},"minecraft:recipes/decorations/orange_banner":{"criteria":{"has_orange_wool":"2025-08-02 04:43:37 +0800"},"done":true},"minecraft:recipes/building_blocks/brown_stained_glass":{"criteria":{"has_glass":"2025-08-02 04:43:34 +0800"},"done":true},"minecraft:recipes/building_blocks/light_gray_stained_glass":{"criteria":{"has_glass":"2025-08-02 04:43:34 +0800"},"done":true},"minecraft:recipes/building_blocks/blue_stained_glass":{"criteria":{"has_glass":"2025-08-02 04:43:34 +0800"},"done":true},"minecraft:recipes/misc/silence_armor_trim_smithing_template_smithing_trim":{"criteria":{"has_smithing_trim_template":"2025-08-02 04:30:14 +0800"},"done":true},"minecraft:recipes/misc/silence_armor_trim_smithing_template":{"criteria":{"has_silence_armor_trim_smithing_template":"2025-08-02 04:30:14 +0800"},"done":true},"minecraft:recipes/redstone/redstone_torch":{"criteria":{"has_redstone":"2025-08-02 04:43:40 +0800"},"done":true},"minecraft:recipes/building_blocks/orange_stained_glass":{"criteria":{"has_glass":"2025-08-02 04:43:34 +0800"},"done":true},"minecraft:recipes/tools/clock":{"criteria":{"has_redstone":"2025-08-02 04:43:40 +0800"},"done":true},"minecraft:recipes/decorations/painting":{"criteria":{"has_wool":"2025-08-02 04:37:01 +0800"},"done":true},"minecraft:recipes/building_blocks/cyan_stained_glass":{"criteria":{"has_glass":"2025-08-02 04:43:34 +0800"},"done":true},"minecraft:recipes/redstone/dropper":{"criteria":{"has_redstone":"2025-08-02 04:43:40 +0800"},"done":true},"minecraft:recipes/building_blocks/pink_stained_glass":{"criteria":{"has_glass":"2025-08-02 04:43:34 +0800"},"done":true},"minecraft:recipes/building_blocks/black_stained_glass":{"criteria":{"has_glass":"2025-08-02 04:43:34 +0800"},"done":true},"minecraft:recipes/building_blocks/gray_stained_glass":{"criteria":{"has_glass":"2025-08-02 04:43:34 +0800"},"done":true},"minecraft:recipes/building_blocks/purple_stained_glass":{"criteria":{"has_glass":"2025-08-02 04:43:34 +0800"},"done":true},"minecraft:recipes/decorations/chest":{"criteria":{"has_lots_of_items":"2025-08-02 05:15:47 +0800"},"done":true},"minecraft:recipes/building_blocks/yellow_stained_glass":{"criteria":{"has_glass":"2025-08-02 04:43:34 +0800"},"done":true},"minecraft:recipes/redstone/redstone_block":{"criteria":{"has_redstone":"2025-08-02 04:43:40 +0800"},"done":true},"minecraft:recipes/building_blocks/lime_stained_glass":{"criteria":{"has_glass":"2025-08-02 04:43:34 +0800"},"done":true},"minecraft:recipes/building_blocks/resin_bricks":{"criteria":{"has_resin_brick":"2025-08-02 04:29:36 +0800"},"done":true},"minecraft:recipes/decorations/light_gray_banner":{"criteria":{"has_light_gray_wool":"2025-08-02 04:37:01 +0800"},"done":true},"minecraft:recipes/decorations/light_gray_carpet":{"criteria":{"has_light_gray_wool":"2025-08-02 04:37:01 +0800"},"done":true},"minecraft:recipes/redstone/note_block":{"criteria":{"has_redstone":"2025-08-02 04:43:40 +0800"},"done":true},"minecraft:recipes/decorations/orange_carpet":{"criteria":{"has_orange_wool":"2025-08-02 04:43:37 +0800"},"done":true},"minecraft:recipes/redstone/target":{"criteria":{"has_redstone":"2025-08-02 04:43:40 +0800"},"done":true},"minecraft:adventure/trim_with_any_armor_pattern":{"criteria":{"armor_trimmed_minecraft:host_armor_trim_smithing_template_smithing_trim":"2025-08-02 04:29:59 +0800"},"done":true},"minecraft:recipes/decorations/glass_pane":{"criteria":{"has_glass":"2025-08-02 04:43:34 +0800"},"done":true},"minecraft:recipes/building_blocks/magenta_stained_glass":{"criteria":{"has_glass":"2025-08-02 04:43:34 +0800"},"done":true},"minecraft:recipes/building_blocks/white_stained_glass":{"criteria":{"has_glass":"2025-08-02 04:43:34 +0800"},"done":true},"minecraft:recipes/redstone/repeater":{"criteria":{"has_redstone_torch":"2025-08-02 04:56:09 +0800"},"done":true},"minecraft:recipes/tools/compass":{"criteria":{"has_redstone":"2025-08-02 04:43:40 +0800"},"done":true},"minecraft:nether/netherite_armor":{"criteria":{"netherite_armor":"2025-08-02 04:29:33 +0800"},"done":true},"minecraft:recipes/misc/host_armor_trim_smithing_template_smithing_trim":{"criteria":{"has_smithing_trim_template":"2025-08-02 04:29:51 +0800"},"done":true},"minecraft:recipes/redstone/piston":{"criteria":{"has_redstone":"2025-08-02 04:43:40 +0800"},"done":true},"minecraft:adventure/who_needs_rockets":{"criteria":{"who_needs_rockets":"2025-08-02 04:32:31 +0800"},"done":true},"DataVersion":4189}