{"minecraft:recipes/decorations/crafting_table":{"criteria":{"unlock_right_away":"2025-08-02 05:30:03 +0800"},"done":true},"minecraft:adventure/adventuring_time":{"criteria":{"minecraft:plains":"2025-08-02 05:30:04 +0800"},"done":false},"minecraft:recipes/decorations/white_banner":{"criteria":{"has_white_wool":"2025-08-02 10:43:13 +0800"},"done":true},"minecraft:recipes/decorations/painting":{"criteria":{"has_wool":"2025-08-02 10:43:13 +0800"},"done":true},"minecraft:recipes/decorations/white_bed":{"criteria":{"has_white_wool":"2025-08-02 10:43:13 +0800"},"done":true},"minecraft:recipes/decorations/white_carpet":{"criteria":{"has_white_wool":"2025-08-02 10:43:13 +0800"},"done":true},"minecraft:recipes/redstone/repeater":{"criteria":{"has_redstone_torch":"2025-08-02 12:29:41 +0800"},"done":true},"minecraft:recipes/building_blocks/red_stained_glass":{"criteria":{"has_glass":"2025-08-02 12:41:35 +0800"},"done":true},"minecraft:recipes/building_blocks/light_blue_stained_glass":{"criteria":{"has_glass":"2025-08-02 12:41:35 +0800"},"done":true},"minecraft:recipes/brewing/glass_bottle":{"criteria":{"has_glass":"2025-08-02 12:41:35 +0800"},"done":true},"minecraft:recipes/building_blocks/green_stained_glass":{"criteria":{"has_glass":"2025-08-02 12:41:35 +0800"},"done":true},"minecraft:recipes/building_blocks/brown_stained_glass":{"criteria":{"has_glass":"2025-08-02 12:41:35 +0800"},"done":true},"minecraft:recipes/building_blocks/light_gray_stained_glass":{"criteria":{"has_glass":"2025-08-02 12:41:35 +0800"},"done":true},"minecraft:recipes/building_blocks/blue_stained_glass":{"criteria":{"has_glass":"2025-08-02 12:41:35 +0800"},"done":true},"minecraft:recipes/building_blocks/orange_stained_glass":{"criteria":{"has_glass":"2025-08-02 12:41:35 +0800"},"done":true},"minecraft:recipes/building_blocks/cyan_stained_glass":{"criteria":{"has_glass":"2025-08-02 12:41:35 +0800"},"done":true},"minecraft:recipes/building_blocks/pink_stained_glass":{"criteria":{"has_glass":"2025-08-02 12:41:35 +0800"},"done":true},"minecraft:recipes/building_blocks/black_stained_glass":{"criteria":{"has_glass":"2025-08-02 12:41:35 +0800"},"done":true},"minecraft:recipes/building_blocks/gray_stained_glass":{"criteria":{"has_glass":"2025-08-02 12:41:35 +0800"},"done":true},"minecraft:recipes/building_blocks/purple_stained_glass":{"criteria":{"has_glass":"2025-08-02 12:41:35 +0800"},"done":true},"minecraft:recipes/building_blocks/yellow_stained_glass":{"criteria":{"has_glass":"2025-08-02 12:41:35 +0800"},"done":true},"minecraft:recipes/building_blocks/lime_stained_glass":{"criteria":{"has_glass":"2025-08-02 12:41:35 +0800"},"done":true},"minecraft:recipes/decorations/glass_pane":{"criteria":{"has_glass":"2025-08-02 12:41:35 +0800"},"done":true},"minecraft:recipes/building_blocks/magenta_stained_glass":{"criteria":{"has_glass":"2025-08-02 12:41:35 +0800"},"done":true},"minecraft:recipes/building_blocks/white_stained_glass":{"criteria":{"has_glass":"2025-08-02 12:41:35 +0800"},"done":true},"minecraft:recipes/food/suspicious_stew_from_torchflower":{"criteria":{"has_torchflower":"2025-08-02 15:40:06 +0800"},"done":true},"minecraft:recipes/misc/orange_dye_from_torchflower":{"criteria":{"has_torchflower":"2025-08-02 15:40:06 +0800"},"done":true},"minecraft:husbandry/root":{"criteria":{"consumed_item":"2025-08-02 16:32:39 +0800"},"done":true},"minecraft:recipes/decorations/chest":{"criteria":{"has_lots_of_items":"2025-08-02 16:33:08 +0800"},"done":true},"minecraft:recipes/redstone/redstone_torch":{"criteria":{"has_redstone":"2025-08-02 16:51:20 +0800"},"done":true},"minecraft:recipes/tools/clock":{"criteria":{"has_redstone":"2025-08-02 16:51:20 +0800"},"done":true},"minecraft:recipes/redstone/dropper":{"criteria":{"has_redstone":"2025-08-02 16:51:20 +0800"},"done":true},"minecraft:recipes/redstone/redstone_block":{"criteria":{"has_redstone":"2025-08-02 16:51:20 +0800"},"done":true},"minecraft:recipes/redstone/note_block":{"criteria":{"has_redstone":"2025-08-02 16:51:20 +0800"},"done":true},"minecraft:recipes/redstone/target":{"criteria":{"has_redstone":"2025-08-02 16:51:20 +0800"},"done":true},"minecraft:recipes/tools/compass":{"criteria":{"has_redstone":"2025-08-02 16:51:20 +0800"},"done":true},"minecraft:recipes/redstone/piston":{"criteria":{"has_redstone":"2025-08-02 16:51:20 +0800"},"done":true},"minecraft:recipes/redstone/spruce_button":{"criteria":{"has_planks":"2025-08-02 16:52:35 +0800"},"done":true},"minecraft:recipes/redstone/spruce_pressure_plate":{"criteria":{"has_planks":"2025-08-02 16:52:35 +0800"},"done":true},"minecraft:recipes/decorations/spruce_sign":{"criteria":{"has_planks":"2025-08-02 16:52:35 +0800"},"done":true},"minecraft:recipes/redstone/spruce_trapdoor":{"criteria":{"has_planks":"2025-08-02 16:52:35 +0800"},"done":true},"minecraft:recipes/redstone/spruce_door":{"criteria":{"has_planks":"2025-08-02 16:52:35 +0800"},"done":true},"minecraft:recipes/redstone/spruce_fence_gate":{"criteria":{"has_planks":"2025-08-02 16:52:35 +0800"},"done":true},"minecraft:recipes/misc/stick":{"criteria":{"has_planks":"2025-08-02 16:52:35 +0800"},"done":true},"minecraft:recipes/decorations/barrel":{"criteria":{"has_planks":"2025-08-02 16:52:35 +0800"},"done":true},"minecraft:recipes/decorations/spruce_fence":{"criteria":{"has_planks":"2025-08-02 16:52:35 +0800"},"done":true},"minecraft:recipes/building_blocks/spruce_stairs":{"criteria":{"has_planks":"2025-08-02 16:52:35 +0800"},"done":true},"minecraft:recipes/building_blocks/spruce_slab":{"criteria":{"has_planks":"2025-08-02 16:52:35 +0800"},"done":true},"DataVersion":4189}