{"minecraft:recipes/redstone/redstone_torch":{"criteria":{"has_redstone":"2025-08-02 03:51:34 +0800"},"done":true},"minecraft:recipes/tools/clock":{"criteria":{"has_redstone":"2025-08-02 03:51:34 +0800"},"done":true},"minecraft:recipes/redstone/dropper":{"criteria":{"has_redstone":"2025-08-02 03:51:34 +0800"},"done":true},"minecraft:recipes/decorations/crafting_table":{"criteria":{"unlock_right_away":"2025-08-02 03:50:08 +0800"},"done":true},"minecraft:recipes/redstone/redstone_block":{"criteria":{"has_redstone":"2025-08-02 03:51:34 +0800"},"done":true},"minecraft:adventure/adventuring_time":{"criteria":{"minecraft:plains":"2025-08-02 03:50:09 +0800"},"done":false},"minecraft:recipes/redstone/redstone":{"criteria":{"has_redstone_block":"2025-08-02 03:51:24 +0800"},"done":true},"minecraft:recipes/redstone/note_block":{"criteria":{"has_redstone":"2025-08-02 03:51:34 +0800"},"done":true},"minecraft:recipes/redstone/target":{"criteria":{"has_redstone":"2025-08-02 03:51:34 +0800"},"done":true},"minecraft:recipes/tools/compass":{"criteria":{"has_redstone":"2025-08-02 03:51:34 +0800"},"done":true},"minecraft:recipes/redstone/piston":{"criteria":{"has_redstone":"2025-08-02 03:51:34 +0800"},"done":true},"DataVersion":4189}