{"minecraft:recipes/decorations/crafting_table":{"criteria":{"unlock_right_away":"2025-08-02 04:10:34 +0800"},"done":true},"minecraft:adventure/adventuring_time":{"criteria":{"minecraft:plains":"2025-08-02 04:10:35 +0800"},"done":false},"minecraft:nether/netherite_armor":{"criteria":{"netherite_armor":"2025-08-02 04:12:30 +0800"},"done":true},"minecraft:recipes/redstone/redstone_torch":{"criteria":{"has_redstone":"2025-08-02 04:13:52 +0800"},"done":true},"minecraft:recipes/tools/clock":{"criteria":{"has_redstone":"2025-08-02 04:13:52 +0800"},"done":true},"minecraft:recipes/redstone/dropper":{"criteria":{"has_redstone":"2025-08-02 04:13:52 +0800"},"done":true},"minecraft:recipes/redstone/redstone_block":{"criteria":{"has_redstone":"2025-08-02 04:13:52 +0800"},"done":true},"minecraft:recipes/redstone/note_block":{"criteria":{"has_redstone":"2025-08-02 04:13:52 +0800"},"done":true},"minecraft:recipes/redstone/target":{"criteria":{"has_redstone":"2025-08-02 04:13:52 +0800"},"done":true},"minecraft:recipes/tools/compass":{"criteria":{"has_redstone":"2025-08-02 04:13:52 +0800"},"done":true},"minecraft:recipes/redstone/piston":{"criteria":{"has_redstone":"2025-08-02 04:13:52 +0800"},"done":true},"minecraft:recipes/redstone/repeater":{"criteria":{"has_redstone_torch":"2025-08-02 04:13:59 +0800"},"done":true},"minecraft:recipes/decorations/chest":{"criteria":{"has_lots_of_items":"2025-08-02 04:14:00 +0800"},"done":true},"minecraft:recipes/redstone/redstone":{"criteria":{"has_redstone_block":"2025-08-02 04:14:00 +0800"},"done":true},"minecraft:recipes/decorations/orange_stained_glass_pane":{"criteria":{"has_glass":"2025-08-02 04:29:02 +0800"},"done":true},"minecraft:recipes/decorations/light_gray_bed":{"criteria":{"has_light_gray_wool":"2025-08-02 04:34:51 +0800"},"done":true},"minecraft:recipes/decorations/painting":{"criteria":{"has_wool":"2025-08-02 04:34:51 +0800"},"done":true},"minecraft:recipes/decorations/light_gray_banner":{"criteria":{"has_light_gray_wool":"2025-08-02 04:34:51 +0800"},"done":true},"minecraft:recipes/decorations/light_gray_carpet":{"criteria":{"has_light_gray_wool":"2025-08-02 04:34:51 +0800"},"done":true},"minecraft:recipes/decorations/orange_bed":{"criteria":{"has_orange_wool":"2025-08-02 04:39:28 +0800"},"done":true},"minecraft:recipes/decorations/orange_banner":{"criteria":{"has_orange_wool":"2025-08-02 04:39:28 +0800"},"done":true},"minecraft:recipes/decorations/orange_carpet":{"criteria":{"has_orange_wool":"2025-08-02 04:39:28 +0800"},"done":true},"minecraft:recipes/decorations/red_carpet":{"criteria":{"has_red_wool":"2025-08-02 06:13:14 +0800"},"done":true},"minecraft:recipes/decorations/red_banner":{"criteria":{"has_red_wool":"2025-08-02 06:13:14 +0800"},"done":true},"minecraft:recipes/decorations/red_bed":{"criteria":{"has_red_wool":"2025-08-02 06:13:14 +0800"},"done":true},"minecraft:recipes/decorations/lime_carpet":{"criteria":{"has_lime_wool":"2025-08-02 06:13:27 +0800"},"done":true},"minecraft:recipes/decorations/lime_banner":{"criteria":{"has_lime_wool":"2025-08-02 06:13:27 +0800"},"done":true},"minecraft:recipes/decorations/lime_bed":{"criteria":{"has_lime_wool":"2025-08-02 06:13:27 +0800"},"done":true},"minecraft:recipes/decorations/composter":{"criteria":{"has_wood_slab":"2025-08-02 07:08:27 +0800"},"done":true},"minecraft:recipes/decorations/barrel":{"criteria":{"has_wood_slab":"2025-08-02 07:08:27 +0800"},"done":true},"minecraft:recipes/building_blocks/quartz_stairs":{"criteria":{"has_quartz_block":"2025-08-02 07:34:38 +0800"},"done":true},"minecraft:recipes/building_blocks/smooth_quartz":{"criteria":{"has_quartz_block":"2025-08-02 07:34:38 +0800"},"done":true},"minecraft:recipes/building_blocks/quartz_slab":{"criteria":{"has_quartz_block":"2025-08-02 07:34:38 +0800"},"done":true},"minecraft:recipes/building_blocks/chiseled_quartz_block":{"criteria":{"has_quartz_block":"2025-08-02 07:34:38 +0800"},"done":true},"minecraft:recipes/building_blocks/quartz_bricks":{"criteria":{"has_quartz_block":"2025-08-02 07:34:38 +0800"},"done":true},"minecraft:recipes/building_blocks/quartz_bricks_from_quartz_block_stonecutting":{"criteria":{"has_quartz_block":"2025-08-02 07:34:38 +0800"},"done":true},"minecraft:recipes/building_blocks/chiseled_quartz_block_from_quartz_block_stonecutting":{"criteria":{"has_quartz_block":"2025-08-02 07:34:38 +0800"},"done":true},"minecraft:recipes/building_blocks/quartz_pillar_from_quartz_block_stonecutting":{"criteria":{"has_quartz_block":"2025-08-02 07:34:38 +0800"},"done":true},"minecraft:recipes/building_blocks/quartz_slab_from_stonecutting":{"criteria":{"has_quartz_block":"2025-08-02 07:34:38 +0800"},"done":true},"minecraft:recipes/building_blocks/quartz_pillar":{"criteria":{"has_quartz_block":"2025-08-02 07:34:38 +0800"},"done":true},"minecraft:recipes/building_blocks/quartz_stairs_from_quartz_block_stonecutting":{"criteria":{"has_quartz_block":"2025-08-02 07:34:38 +0800"},"done":true},"minecraft:recipes/decorations/red_stained_glass_pane":{"criteria":{"has_glass":"2025-08-02 07:41:30 +0800"},"done":true},"minecraft:end/elytra":{"criteria":{"elytra":"2025-08-02 09:12:02 +0800"},"done":true},"minecraft:recipes/building_blocks/red_stained_glass":{"criteria":{"has_glass":"2025-08-02 09:41:20 +0800"},"done":true},"minecraft:recipes/building_blocks/light_blue_stained_glass":{"criteria":{"has_glass":"2025-08-02 09:41:20 +0800"},"done":true},"minecraft:recipes/brewing/glass_bottle":{"criteria":{"has_glass":"2025-08-02 09:41:20 +0800"},"done":true},"minecraft:recipes/building_blocks/green_stained_glass":{"criteria":{"has_glass":"2025-08-02 09:41:20 +0800"},"done":true},"minecraft:recipes/building_blocks/brown_stained_glass":{"criteria":{"has_glass":"2025-08-02 09:41:20 +0800"},"done":true},"minecraft:recipes/building_blocks/light_gray_stained_glass":{"criteria":{"has_glass":"2025-08-02 09:41:20 +0800"},"done":true},"minecraft:recipes/building_blocks/blue_stained_glass":{"criteria":{"has_glass":"2025-08-02 09:41:20 +0800"},"done":true},"minecraft:recipes/building_blocks/orange_stained_glass":{"criteria":{"has_glass":"2025-08-02 09:41:20 +0800"},"done":true},"minecraft:recipes/building_blocks/cyan_stained_glass":{"criteria":{"has_glass":"2025-08-02 09:41:20 +0800"},"done":true},"minecraft:recipes/building_blocks/pink_stained_glass":{"criteria":{"has_glass":"2025-08-02 09:41:20 +0800"},"done":true},"minecraft:recipes/building_blocks/black_stained_glass":{"criteria":{"has_glass":"2025-08-02 09:41:20 +0800"},"done":true},"minecraft:recipes/building_blocks/gray_stained_glass":{"criteria":{"has_glass":"2025-08-02 09:41:20 +0800"},"done":true},"minecraft:recipes/building_blocks/purple_stained_glass":{"criteria":{"has_glass":"2025-08-02 09:41:20 +0800"},"done":true},"minecraft:recipes/building_blocks/yellow_stained_glass":{"criteria":{"has_glass":"2025-08-02 09:41:20 +0800"},"done":true},"minecraft:recipes/building_blocks/lime_stained_glass":{"criteria":{"has_glass":"2025-08-02 09:41:20 +0800"},"done":true},"minecraft:recipes/decorations/glass_pane":{"criteria":{"has_glass":"2025-08-02 09:41:20 +0800"},"done":true},"minecraft:recipes/building_blocks/magenta_stained_glass":{"criteria":{"has_glass":"2025-08-02 09:41:20 +0800"},"done":true},"minecraft:recipes/building_blocks/white_stained_glass":{"criteria":{"has_glass":"2025-08-02 09:41:20 +0800"},"done":true},"minecraft:recipes/decorations/green_bed":{"criteria":{"has_green_wool":"2025-08-02 10:13:47 +0800"},"done":true},"minecraft:recipes/decorations/green_banner":{"criteria":{"has_green_wool":"2025-08-02 10:13:47 +0800"},"done":true},"minecraft:recipes/decorations/green_carpet":{"criteria":{"has_green_wool":"2025-08-02 10:13:47 +0800"},"done":true},"minecraft:recipes/decorations/pink_bed":{"criteria":{"has_pink_wool":"2025-08-02 12:14:55 +0800"},"done":true},"minecraft:recipes/decorations/pink_carpet":{"criteria":{"has_pink_wool":"2025-08-02 12:14:55 +0800"},"done":true},"minecraft:recipes/decorations/pink_banner":{"criteria":{"has_pink_wool":"2025-08-02 12:14:55 +0800"},"done":true},"minecraft:recipes/decorations/light_blue_bed":{"criteria":{"has_light_blue_wool":"2025-08-02 12:26:55 +0800"},"done":true},"minecraft:recipes/decorations/light_blue_carpet":{"criteria":{"has_light_blue_wool":"2025-08-02 12:26:55 +0800"},"done":true},"minecraft:recipes/decorations/light_blue_banner":{"criteria":{"has_light_blue_wool":"2025-08-02 12:26:55 +0800"},"done":true},"minecraft:recipes/decorations/yellow_banner":{"criteria":{"has_yellow_wool":"2025-08-02 15:10:02 +0800"},"done":true},"minecraft:recipes/decorations/yellow_bed":{"criteria":{"has_yellow_wool":"2025-08-02 15:10:02 +0800"},"done":true},"minecraft:recipes/decorations/yellow_carpet":{"criteria":{"has_yellow_wool":"2025-08-02 15:10:02 +0800"},"done":true},"DataVersion":4189}