{"minecraft:recipes/decorations/crafting_table":{"criteria":{"unlock_right_away":"2025-08-02 03:19:06 +0800"},"done":true},"minecraft:adventure/adventuring_time":{"criteria":{"minecraft:plains":"2025-08-02 03:19:07 +0800"},"done":false},"minecraft:recipes/redstone/redstone_torch":{"criteria":{"has_redstone":"2025-08-02 04:07:45 +0800"},"done":true},"minecraft:recipes/tools/clock":{"criteria":{"has_redstone":"2025-08-02 04:07:45 +0800"},"done":true},"minecraft:recipes/redstone/dropper":{"criteria":{"has_redstone":"2025-08-02 04:07:45 +0800"},"done":true},"minecraft:recipes/redstone/redstone_block":{"criteria":{"has_redstone":"2025-08-02 04:07:45 +0800"},"done":true},"minecraft:recipes/redstone/note_block":{"criteria":{"has_redstone":"2025-08-02 04:07:45 +0800"},"done":true},"minecraft:recipes/redstone/target":{"criteria":{"has_redstone":"2025-08-02 04:07:45 +0800"},"done":true},"minecraft:recipes/tools/compass":{"criteria":{"has_redstone":"2025-08-02 04:07:45 +0800"},"done":true},"minecraft:recipes/redstone/piston":{"criteria":{"has_redstone":"2025-08-02 04:07:45 +0800"},"done":true},"minecraft:end/elytra":{"criteria":{"elytra":"2025-08-02 04:11:42 +0800"},"done":true},"minecraft:recipes/redstone/repeater":{"criteria":{"has_redstone_torch":"2025-08-02 05:21:29 +0800"},"done":true},"minecraft:husbandry/root":{"criteria":{"consumed_item":"2025-08-02 05:29:36 +0800"},"done":true},"minecraft:recipes/decorations/chest":{"criteria":{"has_lots_of_items":"2025-08-02 05:40:37 +0800"},"done":true},"minecraft:recipes/decorations/light_gray_bed":{"criteria":{"has_light_gray_wool":"2025-08-02 05:50:30 +0800"},"done":true},"minecraft:recipes/decorations/painting":{"criteria":{"has_wool":"2025-08-02 05:50:30 +0800"},"done":true},"minecraft:recipes/decorations/light_gray_banner":{"criteria":{"has_light_gray_wool":"2025-08-02 05:50:30 +0800"},"done":true},"minecraft:recipes/decorations/light_gray_carpet":{"criteria":{"has_light_gray_wool":"2025-08-02 05:50:30 +0800"},"done":true},"minecraft:recipes/misc/white_dye":{"criteria":{"has_bone_meal":"2025-08-02 06:20:25 +0800"},"done":true},"minecraft:recipes/building_blocks/bone_block":{"criteria":{"has_bone_meal":"2025-08-02 06:20:25 +0800"},"done":true},"minecraft:recipes/misc/lime_dye":{"criteria":{"has_white_dye":"2025-08-02 06:21:35 +0800"},"done":true},"minecraft:recipes/misc/light_blue_dye_from_blue_white_dye":{"criteria":{"has_white_dye":"2025-08-02 06:21:35 +0800"},"done":true},"minecraft:recipes/tools/white_bundle":{"criteria":{"has_white_dye":"2025-08-02 06:21:35 +0800"},"done":true},"minecraft:recipes/misc/light_gray_dye_from_gray_white_dye":{"criteria":{"has_white_dye":"2025-08-02 06:21:35 +0800"},"done":true},"minecraft:recipes/building_blocks/dye_white_carpet":{"criteria":{"has_needed_dye":"2025-08-02 06:21:35 +0800"},"done":true},"minecraft:recipes/building_blocks/dye_white_wool":{"criteria":{"has_needed_dye":"2025-08-02 06:21:35 +0800"},"done":true},"minecraft:recipes/decorations/white_candle":{"criteria":{"has_white_dye":"2025-08-02 06:21:35 +0800"},"done":true},"minecraft:recipes/misc/pink_dye_from_red_white_dye":{"criteria":{"has_white_dye":"2025-08-02 06:21:35 +0800"},"done":true},"minecraft:recipes/misc/gray_dye":{"criteria":{"has_white_dye":"2025-08-02 06:21:35 +0800"},"done":true},"minecraft:recipes/misc/light_gray_dye_from_black_white_dye":{"criteria":{"has_white_dye":"2025-08-02 06:21:35 +0800"},"done":true},"minecraft:recipes/building_blocks/dye_white_bed":{"criteria":{"has_needed_dye":"2025-08-02 06:21:35 +0800"},"done":true},"minecraft:recipes/misc/magenta_dye_from_blue_red_white_dye":{"criteria":{"has_white_dye":"2025-08-02 06:21:35 +0800"},"done":true},"minecraft:recipes/decorations/white_stained_glass_pane_from_glass_pane":{"criteria":{"has_white_dye":"2025-08-02 06:21:35 +0800"},"done":true},"minecraft:recipes/building_blocks/stone_bricks":{"criteria":{"has_stone":"2025-08-02 06:50:04 +0800"},"done":true},"minecraft:recipes/building_blocks/stone_brick_slab_from_stone_stonecutting":{"criteria":{"has_stone":"2025-08-02 06:50:04 +0800"},"done":true},"minecraft:recipes/building_blocks/stone_brick_stairs_from_stone_stonecutting":{"criteria":{"has_stone":"2025-08-02 06:50:04 +0800"},"done":true},"minecraft:recipes/building_blocks/stone_slab_from_stone_stonecutting":{"criteria":{"has_stone":"2025-08-02 06:50:04 +0800"},"done":true},"minecraft:recipes/building_blocks/stone_bricks_from_stone_stonecutting":{"criteria":{"has_stone":"2025-08-02 06:50:04 +0800"},"done":true},"minecraft:recipes/building_blocks/stone_slab":{"criteria":{"has_stone":"2025-08-02 06:50:04 +0800"},"done":true},"minecraft:recipes/building_blocks/chiseled_stone_bricks_stone_from_stonecutting":{"criteria":{"has_stone":"2025-08-02 06:50:04 +0800"},"done":true},"minecraft:recipes/building_blocks/stone_stairs_from_stone_stonecutting":{"criteria":{"has_stone":"2025-08-02 06:50:04 +0800"},"done":true},"minecraft:recipes/redstone/stone_button":{"criteria":{"has_stone":"2025-08-02 06:50:04 +0800"},"done":true},"minecraft:recipes/decorations/stonecutter":{"criteria":{"has_stone":"2025-08-02 06:50:04 +0800"},"done":true},"minecraft:recipes/redstone/stone_pressure_plate":{"criteria":{"has_stone":"2025-08-02 06:50:04 +0800"},"done":true},"minecraft:recipes/building_blocks/smooth_stone":{"criteria":{"has_stone":"2025-08-02 06:50:04 +0800"},"done":true},"minecraft:recipes/decorations/stone_brick_walls_from_stone_stonecutting":{"criteria":{"has_stone":"2025-08-02 06:50:04 +0800"},"done":true},"minecraft:recipes/building_blocks/stone_stairs":{"criteria":{"has_stone":"2025-08-02 06:50:04 +0800"},"done":true},"minecraft:recipes/building_blocks/red_stained_glass":{"criteria":{"has_glass":"2025-08-02 06:50:08 +0800"},"done":true},"minecraft:recipes/building_blocks/light_blue_stained_glass":{"criteria":{"has_glass":"2025-08-02 06:50:08 +0800"},"done":true},"minecraft:recipes/brewing/glass_bottle":{"criteria":{"has_glass":"2025-08-02 06:50:08 +0800"},"done":true},"minecraft:recipes/building_blocks/green_stained_glass":{"criteria":{"has_glass":"2025-08-02 06:50:08 +0800"},"done":true},"minecraft:recipes/building_blocks/brown_stained_glass":{"criteria":{"has_glass":"2025-08-02 06:50:08 +0800"},"done":true},"minecraft:recipes/building_blocks/light_gray_stained_glass":{"criteria":{"has_glass":"2025-08-02 06:50:08 +0800"},"done":true},"minecraft:recipes/building_blocks/blue_stained_glass":{"criteria":{"has_glass":"2025-08-02 06:50:08 +0800"},"done":true},"minecraft:recipes/building_blocks/orange_stained_glass":{"criteria":{"has_glass":"2025-08-02 06:50:08 +0800"},"done":true},"minecraft:recipes/building_blocks/cyan_stained_glass":{"criteria":{"has_glass":"2025-08-02 06:50:08 +0800"},"done":true},"minecraft:recipes/building_blocks/pink_stained_glass":{"criteria":{"has_glass":"2025-08-02 06:50:08 +0800"},"done":true},"minecraft:recipes/building_blocks/black_stained_glass":{"criteria":{"has_glass":"2025-08-02 06:50:08 +0800"},"done":true},"minecraft:recipes/building_blocks/gray_stained_glass":{"criteria":{"has_glass":"2025-08-02 06:50:08 +0800"},"done":true},"minecraft:recipes/building_blocks/purple_stained_glass":{"criteria":{"has_glass":"2025-08-02 06:50:08 +0800"},"done":true},"minecraft:recipes/building_blocks/yellow_stained_glass":{"criteria":{"has_glass":"2025-08-02 06:50:08 +0800"},"done":true},"minecraft:recipes/building_blocks/lime_stained_glass":{"criteria":{"has_glass":"2025-08-02 06:50:08 +0800"},"done":true},"minecraft:recipes/decorations/glass_pane":{"criteria":{"has_glass":"2025-08-02 06:50:08 +0800"},"done":true},"minecraft:recipes/building_blocks/magenta_stained_glass":{"criteria":{"has_glass":"2025-08-02 06:50:08 +0800"},"done":true},"minecraft:recipes/building_blocks/white_stained_glass":{"criteria":{"has_glass":"2025-08-02 06:50:08 +0800"},"done":true},"minecraft:recipes/decorations/lime_carpet":{"criteria":{"has_lime_wool":"2025-08-02 09:56:12 +0800"},"done":true},"minecraft:recipes/decorations/lime_banner":{"criteria":{"has_lime_wool":"2025-08-02 09:56:12 +0800"},"done":true},"minecraft:recipes/decorations/lime_bed":{"criteria":{"has_lime_wool":"2025-08-02 09:56:12 +0800"},"done":true},"minecraft:recipes/misc/iron_ingot_from_iron_block":{"criteria":{"has_iron_block":"2025-08-02 10:46:12 +0800"},"done":true},"minecraft:recipes/decorations/anvil":{"criteria":{"has_iron_block":"2025-08-02 10:46:12 +0800"},"done":true},"minecraft:recipes/redstone/redstone":{"criteria":{"has_redstone_block":"2025-08-02 12:01:14 +0800"},"done":true},"minecraft:recipes/decorations/pink_bed":{"criteria":{"has_pink_wool":"2025-08-02 12:14:41 +0800"},"done":true},"minecraft:recipes/decorations/pink_carpet":{"criteria":{"has_pink_wool":"2025-08-02 12:14:41 +0800"},"done":true},"minecraft:recipes/decorations/pink_banner":{"criteria":{"has_pink_wool":"2025-08-02 12:14:41 +0800"},"done":true},"minecraft:recipes/decorations/light_gray_stained_glass_pane":{"criteria":{"has_glass":"2025-08-02 13:27:03 +0800"},"done":true},"minecraft:recipes/decorations/blast_furnace":{"criteria":{"has_smooth_stone":"2025-08-02 17:07:07 +0800"},"done":true},"minecraft:recipes/building_blocks/smooth_stone_slab":{"criteria":{"has_smooth_stone":"2025-08-02 17:07:07 +0800"},"done":true},"minecraft:recipes/building_blocks/smooth_stone_slab_from_smooth_stone_stonecutting":{"criteria":{"has_smooth_stone":"2025-08-02 17:07:07 +0800"},"done":true},"minecraft:recipes/building_blocks/polished_andesite_stairs":{"criteria":{"has_polished_andesite":"2025-08-02 17:08:58 +0800"},"done":true},"minecraft:recipes/building_blocks/polished_andesite_slab":{"criteria":{"has_polished_andesite":"2025-08-02 17:08:58 +0800"},"done":true},"minecraft:recipes/building_blocks/polished_andesite_slab_from_polished_andesite_stonecutting":{"criteria":{"has_polished_andesite":"2025-08-02 17:08:58 +0800"},"done":true},"minecraft:recipes/building_blocks/polished_andesite_stairs_from_polished_andesite_stonecutting":{"criteria":{"has_polished_andesite":"2025-08-02 17:08:58 +0800"},"done":true},"minecraft:recipes/building_blocks/deepslate_brick_slab_from_polished_deepslate_stonecutting":{"criteria":{"has_polished_deepslate":"2025-08-02 17:11:13 +0800"},"done":true},"minecraft:recipes/decorations/polished_deepslate_wall":{"criteria":{"has_polished_deepslate":"2025-08-02 17:11:13 +0800"},"done":true},"minecraft:recipes/building_blocks/deepslate_bricks":{"criteria":{"has_polished_deepslate":"2025-08-02 17:11:13 +0800"},"done":true},"minecraft:recipes/decorations/polished_deepslate_wall_from_polished_deepslate_stonecutting":{"criteria":{"has_polished_deepslate":"2025-08-02 17:11:13 +0800"},"done":true},"minecraft:recipes/building_blocks/polished_deepslate_slab":{"criteria":{"has_polished_deepslate":"2025-08-02 17:11:13 +0800"},"done":true},"minecraft:recipes/building_blocks/polished_deepslate_slab_from_polished_deepslate_stonecutting":{"criteria":{"has_polished_deepslate":"2025-08-02 17:11:13 +0800"},"done":true},"minecraft:recipes/building_blocks/deepslate_tile_stairs_from_polished_deepslate_stonecutting":{"criteria":{"has_polished_deepslate":"2025-08-02 17:11:13 +0800"},"done":true},"minecraft:recipes/building_blocks/polished_deepslate_stairs_from_polished_deepslate_stonecutting":{"criteria":{"has_polished_deepslate":"2025-08-02 17:11:13 +0800"},"done":true},"minecraft:recipes/building_blocks/deepslate_tiles_from_polished_deepslate_stonecutting":{"criteria":{"has_polished_deepslate":"2025-08-02 17:11:13 +0800"},"done":true},"minecraft:recipes/building_blocks/deepslate_bricks_from_polished_deepslate_stonecutting":{"criteria":{"has_polished_deepslate":"2025-08-02 17:11:13 +0800"},"done":true},"minecraft:recipes/building_blocks/deepslate_tile_slab_from_polished_deepslate_stonecutting":{"criteria":{"has_polished_deepslate":"2025-08-02 17:11:13 +0800"},"done":true},"minecraft:recipes/decorations/deepslate_brick_wall_from_polished_deepslate_stonecutting":{"criteria":{"has_polished_deepslate":"2025-08-02 17:11:13 +0800"},"done":true},"minecraft:recipes/decorations/deepslate_tile_wall_from_polished_deepslate_stonecutting":{"criteria":{"has_polished_deepslate":"2025-08-02 17:11:13 +0800"},"done":true},"minecraft:recipes/building_blocks/deepslate_brick_stairs_from_polished_deepslate_stonecutting":{"criteria":{"has_polished_deepslate":"2025-08-02 17:11:13 +0800"},"done":true},"minecraft:recipes/building_blocks/polished_deepslate_stairs":{"criteria":{"has_polished_deepslate":"2025-08-02 17:11:13 +0800"},"done":true},"minecraft:recipes/building_blocks/dark_oak_slab":{"criteria":{"has_planks":"2025-08-02 17:22:22 +0800"},"done":true},"minecraft:recipes/redstone/dark_oak_door":{"criteria":{"has_planks":"2025-08-02 17:22:22 +0800"},"done":true},"minecraft:recipes/redstone/dark_oak_fence_gate":{"criteria":{"has_planks":"2025-08-02 17:22:22 +0800"},"done":true},"minecraft:recipes/redstone/dark_oak_trapdoor":{"criteria":{"has_planks":"2025-08-02 17:22:22 +0800"},"done":true},"minecraft:recipes/redstone/dark_oak_button":{"criteria":{"has_planks":"2025-08-02 17:22:22 +0800"},"done":true},"minecraft:recipes/misc/stick":{"criteria":{"has_planks":"2025-08-02 17:22:22 +0800"},"done":true},"minecraft:recipes/decorations/barrel":{"criteria":{"has_planks":"2025-08-02 17:22:22 +0800"},"done":true},"minecraft:recipes/building_blocks/dark_oak_stairs":{"criteria":{"has_planks":"2025-08-02 17:22:22 +0800"},"done":true},"minecraft:recipes/decorations/dark_oak_sign":{"criteria":{"has_planks":"2025-08-02 17:22:22 +0800"},"done":true},"minecraft:recipes/redstone/dark_oak_pressure_plate":{"criteria":{"has_planks":"2025-08-02 17:22:22 +0800"},"done":true},"minecraft:recipes/decorations/dark_oak_fence":{"criteria":{"has_planks":"2025-08-02 17:22:22 +0800"},"done":true},"minecraft:recipes/building_blocks/cherry_slab":{"criteria":{"has_planks":"2025-08-02 17:25:30 +0800"},"done":true},"minecraft:recipes/redstone/cherry_fence_gate":{"criteria":{"has_planks":"2025-08-02 17:25:30 +0800"},"done":true},"minecraft:recipes/decorations/cherry_sign":{"criteria":{"has_planks":"2025-08-02 17:25:30 +0800"},"done":true},"minecraft:recipes/redstone/cherry_pressure_plate":{"criteria":{"has_planks":"2025-08-02 17:25:30 +0800"},"done":true},"minecraft:recipes/decorations/cherry_fence":{"criteria":{"has_planks":"2025-08-02 17:25:30 +0800"},"done":true},"minecraft:recipes/building_blocks/cherry_stairs":{"criteria":{"has_planks":"2025-08-02 17:25:30 +0800"},"done":true},"minecraft:recipes/redstone/cherry_trapdoor":{"criteria":{"has_planks":"2025-08-02 17:25:30 +0800"},"done":true},"minecraft:recipes/redstone/cherry_button":{"criteria":{"has_planks":"2025-08-02 17:25:30 +0800"},"done":true},"minecraft:recipes/redstone/cherry_door":{"criteria":{"has_planks":"2025-08-02 17:25:30 +0800"},"done":true},"DataVersion":4189}